{"actions":[],"apps":[{"acl":{"app":[],"field":[],"record":[]},"app":null,"category":{"categories":[],"useCategory":"false"},"form":{"layout":"[{\"id\":null,\"type\":\"ROW\",\"isSubTable\":false,\"var\":null,\"label\":null,\"controlList\":[{\"isVirtical\":true,\"styleMap\":{\"width\":315,\"height\":162,\"innerHeight\":125},\"type\":\"MULTIPLE_LINE_TEXT\",\"var\":\"content\",\"label\":\"content\"}]},{\"id\":null,\"type\":\"ROW\",\"isSubTable\":false,\"var\":null,\"label\":null,\"controlList\":[{\"isVirtical\":true,\"styleMap\":{\"width\":255},\"type\":\"SINGLE_CHECK\",\"var\":\"isToDo\",\"label\":\"isToDo\",\"align\":\"horizontal\"}]},{\"id\":null,\"type\":\"ROW\",\"isSubTable\":false,\"var\":null,\"label\":null,\"controlList\":[{\"isVirtical\":true,\"styleMap\":{\"width\":255},\"type\":\"SINGLE_CHECK\",\"var\":\"toDo\",\"label\":\"toDo\",\"align\":\"horizontal\"}]}]","revision":null},"iconMeta":null,"info":{"automaticallyChooseTitleComponent":"true","code":null,"decimalPrecision":"16","decimalScale":"4","description":"\u003Cdiv\u003E\u003Cbr /\u003E\u003C/div\u003E","enableBulkDeletion":"false","enableRecordReuse":"true","fiscalYearStartMonth":"4","iconKey":"APP39","iconType":"PRESET","jsFiles":null,"jsScope":"ALL","name":"分報","roundingMode":"HALF_EVEN","theme":"PLAIN","titleComponentLocalId":null,"useComment":"true","useHistory":"true","useThumbnail":"true"},"jsFiles":[{"jsFileMetas":[{"internalName":null,"locationType":"URL","mime":null,"name":null,"url":"https://127.0.0.1:5500/dist/bundle.js"}],"jsType":"DESKTOP"},{"jsFileMetas":[{"internalName":null,"locationType":"URL","mime":null,"name":null,"url":"https://cdnjs.cloudflare.com/ajax/libs/izitoast/1.4.0/css/iziToast.min.css"},{"internalName":null,"locationType":"URL","mime":null,"name":null,"url":"https://127.0.0.1:5500/dist/style.css"}],"jsType":"DESKTOP_CSS"}],"notification":{"appNotifications":[{"events":["RECORD_COMMENT_ADDED"],"target":{"entityId":"5527445","entityType":"FIELD_ENTITY","includeSubs":"false"}},{"events":["RECORD_COMMENT_ADDED"],"target":{"entityId":"5527446","entityType":"FIELD_ENTITY","includeSubs":"false"}}],"recordNotifications":[],"reminderTimezone":null,"reminders":[],"useComment":"true","useReminder":"false"},"plugins":[],"reports":[],"resource":{"tables":[{"rows":[{"fields":[],"objectId":"0","subObjectId":"-1"}],"type":"AppName"},{"rows":[{"fields":[],"objectId":"0","subObjectId":"-1"}],"type":"AppDescription"},{"rows":[{"fields":[],"objectId":"5527444","subObjectId":"-1"},{"fields":[],"objectId":"5527445","subObjectId":"-1"},{"fields":[],"objectId":"5527446","subObjectId":"-1"},{"fields":[],"objectId":"5527447","subObjectId":"-1"},{"fields":[],"objectId":"5527448","subObjectId":"-1"},{"fields":[],"objectId":"5527449","subObjectId":"-1"},{"fields":[],"objectId":"5527450","subObjectId":"-1"},{"fields":[],"objectId":"5527451","subObjectId":"-1"},{"fields":[],"objectId":"5527452","subObjectId":"-1"},{"fields":[],"objectId":"5527476","subObjectId":"-1"},{"fields":[],"objectId":"5527476","subObjectId":"5527474"},{"fields":[],"objectId":"5527476","subObjectId":"5527475"},{"fields":[],"objectId":"5527481","subObjectId":"-1"},{"fields":[],"objectId":"5527481","subObjectId":"5527479"},{"fields":[],"objectId":"5527481","subObjectId":"5527480"}],"type":"FieldLabel"},{"rows":[{"fields":[],"objectId":"5527457","subObjectId":"-1"},{"fields":[],"objectId":"20","subObjectId":"-1"}],"type":"ViewName"}]},"schema":{"groups":[],"revision":null,"subTable":{},"table":{"fieldList":{"5527444":{"id":"5527444","label":"レコード番号","properties":{"noLabel":"false","required":"true"},"type":"RECORD_ID","var":"レコード番号"},"5527445":{"id":"5527445","label":"更新者","properties":{"noLabel":"false","required":"true"},"type":"MODIFIER","var":"更新者"},"5527446":{"id":"5527446","label":"作成者","properties":{"noLabel":"false","required":"true"},"type":"CREATOR","var":"作成者"},"5527447":{"id":"5527447","label":"更新日時","properties":{"noLabel":"false","required":"true"},"type":"MODIFIED_AT","var":"更新日時"},"5527448":{"id":"5527448","label":"作成日時","properties":{"noLabel":"false","required":"true"},"type":"CREATED_AT","var":"作成日時"},"5527449":{"id":"5527449","label":"ステータス","properties":{"noLabel":"false","required":"false"},"type":"STATUS","var":"ステータス"},"5527450":{"id":"5527450","label":"作業者","properties":{"noLabel":"false","required":"false"},"type":"STATUS_ASSIGNEE","var":"作業者"},"5527451":{"id":"5527451","label":"カテゴリー","properties":{"noLabel":"false","required":"false"},"type":"CATEGORY","var":"カテゴリー"},"5527452":{"id":"5527452","label":"content","properties":{"defaultValue":"","noLabel":"false","required":"false"},"type":"MULTIPLE_LINE_TEXT","var":"content"},"5527476":{"id":"5527476","label":"isToDo","properties":{"defaultValue":"5527474","noLabel":"false","options":[{"id":"5527474","label":"0","valid":true},{"id":"5527475","label":"1","valid":true}],"required":"true"},"type":"SINGLE_CHECK","var":"isToDo"},"5527481":{"id":"5527481","label":"toDo","properties":{"defaultValue":"5527479","noLabel":"false","options":[{"id":"5527479","label":"0","valid":true},{"id":"5527480","label":"1","valid":true}],"required":"true"},"type":"SINGLE_CHECK","var":"toDo"}},"id":"1","label":"__ROOT__","properties":{"noLabel":"true"},"type":"TABLE","var":"__ROOT__"}},"settingsNotesForm":{"content":null,"willBeInherited":null},"status":{"actions":[],"filters":[],"initialStateId":null,"states":[],"useStatus":"false"},"uuid":"cf6d0015-565b-4eb1-b21d-25180207a7fd","views":[{"advancedMode":"false","builtinType":null,"device":"ANY","fields":[{"row":[]}],"filter":{"category":null,"offset":null,"order":["ASC"],"q":null,"size":null,"sort":["f5527444"]},"html":"\u003Cdiv id=\"root\"\u003E\u003C/div\u003E","keyFieldId":null,"name":"分報","pager":"true","revision":null,"titleFieldId":null,"view":"5527457","viewType":"CUSTOM"},{"advancedMode":null,"builtinType":"ALL","device":null,"fields":[{"row":[{"columnWidth":null,"id":"5527444"},{"columnWidth":null,"id":"5527452"},{"columnWidth":null,"id":"5527476"},{"columnWidth":null,"id":"5527481"}]}],"filter":{"category":null,"offset":null,"order":[],"q":null,"size":null,"sort":[]},"html":null,"keyFieldId":null,"name":"（すべて）","pager":null,"revision":null,"titleFieldId":null,"view":"20","viewType":"LIST"}]},{"acl":{"app":[],"field":[],"record":[]},"app":null,"category":{"categories":[],"useCategory":"false"},"form":{"layout":"[{\"id\":null,\"type\":\"ROW\",\"isSubTable\":false,\"var\":null,\"label\":null,\"controlList\":[{\"isVirtical\":true,\"styleMap\":{\"width\":117},\"type\":\"DATE\",\"var\":\"日付\",\"label\":\"日付\"}]},{\"id\":null,\"type\":\"ROW\",\"isSubTable\":false,\"var\":null,\"label\":null,\"controlList\":[{\"isVirtical\":true,\"styleMap\":{\"width\":315,\"height\":162,\"innerHeight\":125},\"type\":\"MULTIPLE_LINE_TEXT\",\"var\":\"やったこと\",\"label\":\"やったこと\"}]}]","revision":null},"iconMeta":null,"info":{"automaticallyChooseTitleComponent":"true","code":null,"decimalPrecision":"16","decimalScale":"4","description":"\u003Cdiv\u003E\u003Cbr /\u003E\u003C/div\u003E","enableBulkDeletion":"false","enableRecordReuse":"true","fiscalYearStartMonth":"4","iconKey":"APP39","iconType":"PRESET","jsFiles":null,"jsScope":"ALL","name":"日報","roundingMode":"HALF_EVEN","theme":"PLAIN","titleComponentLocalId":null,"useComment":"true","useHistory":"true","useThumbnail":"true"},"jsFiles":[{"jsFileMetas":[{"internalName":null,"locationType":"BLOB","mime":"text/javascript","name":"daily-report.js","url":null}],"jsType":"DESKTOP"}],"notification":{"appNotifications":[{"events":["RECORD_COMMENT_ADDED"],"target":{"entityId":"5527484","entityType":"FIELD_ENTITY","includeSubs":"false"}},{"events":["RECORD_COMMENT_ADDED"],"target":{"entityId":"5527485","entityType":"FIELD_ENTITY","includeSubs":"false"}}],"recordNotifications":[],"reminderTimezone":null,"reminders":[],"useComment":"true","useReminder":"false"},"plugins":[],"reports":[],"resource":{"tables":[{"rows":[{"fields":[],"objectId":"0","subObjectId":"-1"}],"type":"AppName"},{"rows":[{"fields":[],"objectId":"0","subObjectId":"-1"}],"type":"AppDescription"},{"rows":[{"fields":[],"objectId":"5527483","subObjectId":"-1"},{"fields":[],"objectId":"5527484","subObjectId":"-1"},{"fields":[],"objectId":"5527485","subObjectId":"-1"},{"fields":[],"objectId":"5527486","subObjectId":"-1"},{"fields":[],"objectId":"5527487","subObjectId":"-1"},{"fields":[],"objectId":"5527488","subObjectId":"-1"},{"fields":[],"objectId":"5527489","subObjectId":"-1"},{"fields":[],"objectId":"5527490","subObjectId":"-1"},{"fields":[],"objectId":"5527491","subObjectId":"-1"},{"fields":[],"objectId":"5527492","subObjectId":"-1"}],"type":"FieldLabel"},{"rows":[{"fields":[],"objectId":"20","subObjectId":"-1"}],"type":"ViewName"}]},"schema":{"groups":[],"revision":null,"subTable":{},"table":{"fieldList":{"5527483":{"id":"5527483","label":"レコード番号","properties":{"noLabel":"false","required":"true"},"type":"RECORD_ID","var":"レコード番号"},"5527484":{"id":"5527484","label":"更新者","properties":{"noLabel":"false","required":"true"},"type":"MODIFIER","var":"更新者"},"5527485":{"id":"5527485","label":"作成者","properties":{"noLabel":"false","required":"true"},"type":"CREATOR","var":"作成者"},"5527486":{"id":"5527486","label":"更新日時","properties":{"noLabel":"false","required":"true"},"type":"MODIFIED_AT","var":"更新日時"},"5527487":{"id":"5527487","label":"作成日時","properties":{"noLabel":"false","required":"true"},"type":"CREATED_AT","var":"作成日時"},"5527488":{"id":"5527488","label":"ステータス","properties":{"noLabel":"false","required":"false"},"type":"STATUS","var":"ステータス"},"5527489":{"id":"5527489","label":"作業者","properties":{"noLabel":"false","required":"false"},"type":"STATUS_ASSIGNEE","var":"作業者"},"5527490":{"id":"5527490","label":"カテゴリー","properties":{"noLabel":"false","required":"false"},"type":"CATEGORY","var":"カテゴリー"},"5527491":{"id":"5527491","label":"日付","properties":{"defaultExpression":"NOW","defaultValue":null,"noLabel":"false","required":"false","unique":"false"},"type":"DATE","var":"日付"},"5527492":{"id":"5527492","label":"やったこと","properties":{"defaultValue":"","noLabel":"false","required":"false"},"type":"MULTIPLE_LINE_TEXT","var":"やったこと"}},"id":"1","label":"__ROOT__","properties":{"noLabel":"true"},"type":"TABLE","var":"__ROOT__"}},"settingsNotesForm":{"content":null,"willBeInherited":null},"status":{"actions":[],"filters":[],"initialStateId":null,"states":[],"useStatus":"false"},"uuid":"34a4e9aa-eeba-466f-8883-080ddec0bd26","views":[{"advancedMode":null,"builtinType":"ALL","device":null,"fields":[{"row":[{"columnWidth":null,"id":"5527483"},{"columnWidth":null,"id":"5527491"},{"columnWidth":null,"id":"5527492"}]}],"filter":{"category":null,"offset":null,"order":[],"q":null,"size":null,"sort":[]},"html":null,"keyFieldId":null,"name":"（すべて）","pager":null,"revision":null,"titleFieldId":null,"view":"20","viewType":"LIST"}]}],"description":"","iconKey":"APP39","iconMeta":null,"iconSrcAppId":"cf6d0015-565b-4eb1-b21d-25180207a7fd","iconType":"PRESET","imagesMeta":[],"lookups":[],"name":"kintone-minute-report","references":[],"version":"36"}